epoch,step,test_acc,test_loss,val_acc,val_loss
0,12,,,0.8826530575752258,1.3214709758758545
1,25,,,0.9336734414100647,0.40227052569389343
2,26,0.9336734414100647,0.40227052569389343,,
